TEXT,LABEL
 single? ,1
 like oder guys? ,1
 you have more pics of your self?,1
 you have a web cam?,1
 you miss having some one?,1
 oh? is that why you like older guys,1
 what is the oldes guy you been with?,1
 you like being held,1
" yeah, like to be held and kiss?",1
 what you think of a warm bath with candels around the tub and rose pedal floting in the water,1
 have you done anything with a guy? ,1
 did you have sex then?,1
" i miss cudling and talking with a girl, kissing",1
" no, i am single",1
" so are you, why you single?",1
 i could never cheat a girl that i was with,1
" i would love to be there for her, hold her, kiss her, please her",1
 tak a warm shower with her lol,1
" yeh, making out ",1
 what are your turn ons? ,1
" awsome, like to be held, getting hugs, kissing ",1
 like to be kiss softly all over?,1
 you like oral?,1
 love to cudel,1
" what if he just brougth you to the beach, and lay down on a blanket with you, holding you just watching the sun set ",1
 dose your parents care how old the guy you date?,1
 you home alone? ,1
 and your such a hottie ,1
" i must say, i like you voice",1
 you verry hot your self ;),1
 wher you been all my life? ,1
 you might just fall for me ,1
 you looking to fall in love with some one?,1
 we should have been in bed lol,1
 so we can have a nice dinner and cudlle? ,1
" may be have a warm bath, with candels",1
 have hot wild sex lol ,1
 do you shave? ,1
 i shave,1
" i mean, shave there crotch ",1
 you like to have your niples such on while you clit is being rub? ,1
"  a guy slowly suck on you clit, going slow then faster, and faster while crsting you body ",1
  made my last g/f orgasmm 3-4 times with in 20 mins ,1
 have you ever done anal?,1
 what postion you like doing?,1
 you like to ride a guy ,1
" guy laying down, you on top going back and forth, up and down",1
 do you get turn on a lot?,1
 are you on teh pill?,1
" yeah, i'll bring codoms",1
 do you like to give oral?,1
 what would get you realy hot and turn on?,1
 woudl you shave your crotch? ,1
" naw, just bend over infront of me ;) ",1
 just like to hear your voice again ,1
 just eating you ;),1
" i have a dige cam, can we take some pics of us? ",1
 you looking forward to me coming over?,1
 you like to take some pics with my cam?,1
" trying to be funny, was saying we can take some nudes ",1
 we can go pick up some condoms ,1
" have to tell you somthing, i naver had sex ",1
 been told i am realy good at oral ,1
 want to try anal?,1
 you like a guy to pull out and cum on you? ,1
" yeah, i mea take the comdom off",1
 or suck a guy off after haveing sex,1
 you thin 7 1/2 inches is good size for you? ,1
" say, what is your adress?",1
 so your pic is on this profile honey,1
 wow your sexy honey,1
" yeah i do, you have more pics",1
 k are they full body pics,1
 how big are your tits baby,1
" i like kelly 5, i can see down your shirt alittle lol",1
 i'm sorry i dont have pics for you baby,1
" so are you into sex kelly, yes or no",1
 did you just turn 13 baby,1
 are you interested in dating me,1
 yes or no baby,1
 where would we meet at without people knowing baby,1
" wow mom had you late, should i bring condoms or no",1
 so do you like me,1
 your ok fucking on are first date,1
 what will you wear when i come over,1
" your young and sexy, and a good personality",1
 i cant wait to fuck you baby,1
 i will for you baby,1
 are you going to be wearing panties or no,1
 no panties so i can feel my girl pussy and ass,1
" that is fine baby, is your pussy wet thinking about me",1
 so are we b/f and g/f,1
 i'm sorry baby,1
 is your bed big enough for us to fuck in,1
" yeah, do you want me to sleep over",1
 that is fine with me baby,1
 so do you want us to be friends with benefits or b/f and g/f,1
 when was the last time you had sex,1
 do you like fucking at your house,1
 i could come over after work to fuck you tomorrow night,1
 i think your teaseing me lol,1
 are you falling for me,1
 i want to cum in you,1
 bye sexy,1
" hey baby, i missed you, i hope i get to see you tomorrow",1
 so have you been thinking about me,1
 do i need to bring condoms tonight,1
" do i get to take some naked pics of you, for just me",1
 can i take some when we are fucking,1
 baby,1
 what is your address baby,1
 so are we just going to fuck and drink or do other things in the apartment,1
 and i need your phone number,1
" i really do like you, i think your sexy and everything, ",1
" i dont know, i just feel like i;m being a big pussy",1
" i have to get condoms first, i will get the beer later",1
 what kind of condoms do you like,1
 you will see honey lol,1
 hey sexy did you miss me,1
 in your pic,1
 how old is that pic baby,1
 so are you looking for a b/f,1
 are you into sex ,1
 i want sex with a young girl like you ,1
 do you think it is hot i'm interested in you,1
 do you like to dress sexy,1
 do you want to wear thongs,1
 thong panties,1
 would you try sex with me,1
 that is what makes a girl pregnant,1
 are you interested in having sex,1
 so you will be home alone on the 6th,1
 well can we fuck at your house,1
 are you excited about sex now,1
" you wont baby, do you want to fuck all weekend though",1
 hey baby,1
 why does your suck,1
 did i make you hot over the phone,1
 hopefully turning you on,1
 well i cant wait to kiss you,1
 i want to french kiss you,1
" yeah, i'm going to put my dick in you right",1
"honey, did you miss me",1
 so are we b/f and g/f yes or no,1
" you tell me honey ok, yes or no",1
 b/c i want to know how you feel,1
 so what do you usually wear to bed,1
 are you still scared about sex with me,1
 no matter how old you are the first time hurts alittle i will try not to make it hurt much ok,1
 how big are your tits baby,1
 well baby,1
" i like that, is your pussy bald",1
 that is cute but i mean your pussy between your legs baby,1
" nice, have you had your first period yet",1
" i'm falling for you, i hope you feel the same way",1
 when i come over will you be naked for me,1
 i'm going to fuck my g/f good,1
 hey baby,1
 yes i wanted my new years kiss,1
" i like, are you excited to be in bed with me",1
" yes, you want me to bring condoms yes",1
 how old was the guy she got pregnant by,1
 are you really ok with me fucking you,1
 i love you,1
 is your bed big enough for us ,1
 how much are you in love with me,1
 are we sleeping naked at night together or no,1
" i want a yes or no answer, do you want to sleep naked with me",1
 are we going to have sex alot,1
 if your pussy hurt alittle when i put it in is that ok,1
 naked remember,1
 feel your pussy for me ok,1
 i want you to rub it for me ok,1
 put a finger in your pussy ok,1
 so are you still scared about me putting my dick in you,1
 did it hurt alot when you put your finger in you,1
 i still get to put my dick in you right,1
" awesome, i wish i could cum in you",1
 it is what is white and comes out of the guys dick to get a girl pregnant if you let me,1
 i just want to fuck you without a condom and cum on your tits would you like that,1
" i would, so no condom is ok",1
" what if your neighbor comes over as we are fucking, would you want me to stop or no",1
" yeah, your my g/f right",1
 do i get to fuck you alot,1
 so when do you want me to get you pregnant,1
 i will get you pregnant if you want a baby,1
 how long have you wanted a baby,1
 so do you want a baby,1
 you dont mind having a baby at 12 years old,1
 how happy are you with us having a baby,1
 so i'm i getting you pregnant this weekend,1
 yeah that is my girl,1
 i want you ready for sex right away ok,1
 yes i love you,1
goodnight baby love you,1
 u alone?,1
 u wanna play w/me?,1
 safe sex,1
 no gf,1
" come on,have sex with me,pls...",1
 u have cam?,1
 and then u have sex?huh?,1
 dont u masterbate?,1
 we do it together then..ok,1
 u wanna see me?,1
 u like cock?,1
 u want mine?,1
 ur too young miss...sry,1
 does she know u have sex?,1
" ur a virgin,huh?!",1
 where at?w/older guys?,1
" u like old men,huh?",1
" all 4 sex,huh?lol",1
 do u have more pic?,1
 do u want to see my cock?,1
 do u want to see me jerk off?,1
 u horny?,1
 u suck,1
 wats ur addy?,1
" no,send pic..duhh",1
 u need spanking...smack!!,1
 i want pic of u now/,1
" get a sexy one soon,then send me it,ok baby..",1
 r u sexy?,1
 i want sum young tight pussy,1
 did u suck ur ex's cock b4?,1
 wat size was his cock?,1
 size doesnt matter anywayz...,1
 cuz i show u my average cock..,1
 r u gettn wet for icky?,1
 hes drooling,1
 my cock is leaking,1
 im soooooo horny right now!,1
 i need a woman..,1
 wat do u want 2 see?,1
 get naked and we have sex,1
 im taking off your shirt now,1
 take mine off,1
 r u horny though?,1
 y cant u masterbate w/me?i thought u were my girl now...,1
 fuck in my truck..out somewhere..,1
 did u hit puberty yet? (Ugh),1
 ur menstrual cycle,1
 its safe love,1
 sex with you?,1
 wanting sex!,1
 i wanna hear u moan!,1
 desribe your body..maybe wakeup ,1
 how big are ur tits?,1
 i grab your boobie..squeze,1
 u feel my cock?,1
" grab him,now,pls",1
 in ur hand!duhhh,1
 do u wanna see me jack off?huh,1
" stroke him,ok baby",1
" yeah,i need to cum",1
" RIDE IT BABY,RIDE ITTTTT!!!!!!!!!",1
" U WISH U FUCKING IT,HUH?!",1
 U WET?,1
 IM ABOUT TO CUM,1
" IM GONNA CUMM NOW,ON YOUR ASS,OKBABY!",1
" until u get 18,then i marry you.",1
 do u have a nice butt?,1
" take pic,then send it 2 me..k",1
 u need dicsipline..spank u on ur ass...hehe,1
 cuz...im got going ride your ass hard!!,1
" but,wont make your ass any tighter though.",1
 SEX!!!!!!!!WAT ELSE??? LOFL,1
 i have some pounds..so u can grab,1
 wen ur riding me,1
 ride me now,1
 then ride me allnight long!hey?,1
 anywhere u want baby,1
 i'll get u drunk on our honeymoon,1
 u got plenty of time 4 drinking wen older,1
 poke ur lovehole,1
" no sex w/boys,until we meet,got it...",1
" lets have phone sex,someday..me likey",1
 want to fuck me,1
 i came from my mommys vagina,1
" wen u masterbate,think of me",1
 how big iz my cock?lol,1
 my cock iz not BIG!! lol,1
 0! it iz my girl!!TG,1
 how waz ur day baby?,1
 cuz ur mine now!hahaha,1
" u want to kiss me,huh?",1
 great!me also,1
 be smart and smooth,1
 makeout and fuck..wat else?? hehe,1
 and fuck in my truck,1
 u want to sleep with me?,1
 cold in tucson..cum onnnn!,1
 i keep u warm ,1
 how iz my pussy?,1
" u were tripping out,huh?",1
 wat were u thinking baby?,1
" it supposed to be a cock,ok..lol",1
 --- iz my cock,1
making love,1
" its ur pussy,baby...yummmmmmy",1
 i want 2 eat her!munch,1
 yes!thxxx baby!,1
 u suck,1
 may i have a kiss ?,1
 do u have older friends?,1
" call me wen ur gonna cum,ok baby?",1
 werk that ass 4 me,1
 cum to me,1
 i love barf!,1
" barf on me wen we make love,ok.",1
 need pussy,1
" u can,but no sex.ok",1
 lets fuck on turkey day!,1
 blow me sweety,1
 and horny..haha,1
 UR UNDER AGE,1
" i wanna u see,i was really horny..",1
 my balls are cold.lol,1
 he needs sum warm hole,1
 do u still wanna masterbate w/me?,1
 dont u masterbate ?,1
 u a lil horny?,1
 u wanna watch me?,1
" start sucking,ok",1
 u gettn wet?,1
 u ready 4 entry baby?,1
 u playing w/ur pussy ?,1
 keep me hard then;),1
 ride.ride it,1
 im about to cum,1
 dont make me hurt ,1
 ur so damn young.,1
 u wanna materbate ?,1
 get naked.,1
 and ride me,1
 suck it!,1
 miss me baby,1
 my ass is nasty too,1
" wat,ur ass?",1
 u get laid lately?huh,1
 they'll fuck u,1
 i need 2 cum,1
 get naked baby,1
 and ride my cock.,1
" play w/ur pussy if want,ok",1
 u gonna masterbate ?,1
 i want 2 meet u,1
 u wanna come here?,1
 suck my lil cock,1
 i want you too,1
 u want me ?,1
" i mean,do u want me?",1
 wat did i call ur pussy again,1
 u want my icky inside yicky?,1
 me horny 4 ur pussy,1
 i need to jerk off now,1
 thinking about u,1
 we can anal too,1
 u r a naughty girl,1
 im fuckin horny,1
 r u horny too ?,1
 get naked,1
 y not baby?,1
 get me hard baby,1
 i need 2 cum,1
 spank u,1
 i want 2 see u too,1
" invite me,pls",1
 just six inches.average cock,1
 r u wet now baby?,1
 im still w/my girlfriend,1
 u have a bf,1
 im looking for a girl to have fun with ,1
 u suck in swallow ,1
 u suck dick,1
 u ever made love,1
 what size bra do u wear ,1
 im 7 in thick',1
 u ever have ur pussy licked,1
 u have voice chat,1
 im 7 in ch thick ,1
 u know how to suck a dick,1
 got to get u wet frist pussy with u slowly put in in u,1
 pull it out,1
 would u suck it,1
 can i hold ur head down when u do it,1
 u swalllow cumm,1
 k would u like a dick in u ,1
" u want to ride me , that is where u sit on my dick till u cumm ",1
 would ur girlfriend mess around too,1
 what will u b wearing,1
 u want me to eat u out,1
 lick ur pussy till u cumm,1
 r u shaved or no (Getting really sick of you stalling and talking dirty.),1
 i want u to see me and do me,1
 u want to do it in ur bed,1
 u want me to fuck u in the ass,1
 how long u want to mess around for,1
" lol fuck that to much,lol",1
 u just want me there so we can have sex fun,1
 hey baby would u do it with a girl to,1
 will u like pussy,1
 so i can get a ride to u,1
 u want to do it that bad cutey,1
 u want me and my buddy to do u,1
 how big are ur nipples,1
 are u a A cup,1
" how we going to eat pussy when we are going to be fucking, cutey",1
 why do u want me bad ,1
" wow, goregous pic",1
 you are quite gorgeous ,1
 wish you were older,1
 or I was younger,1
 I won't be much longer,1
 snow ski...,1
" if you were older, I'd take you for ride and then make out with you.",1
 It a date!,1
 do you have a cam or more pics?,1
 you have a sexy smile,1
 you look like you have a great body,1
 the last pic is very very sexy,1
 with your big eyes,1
 and your full lips,1
 it make me get really hard ,1
 yeah,1
 I can't believe I'm sitting throbbing ,1
 i'm so hard looking at your pics....,1
" my ""you know"" is throbbing up and down.",1
 sounds like a needy girl,1
 do you think you'd want to go for a ride with me?,1
 hi pretty girl,1
 we are so far apart in age....,1
 but who knows... we can still have some fun.,1
 would you put your arms around my waist?,1
 you could either hold on to that or put your arms around me.,1
 then I'll get the pleasure of feeling you wrapped around my waist,1
 kiss you,1
 and thought how cute you must look with you pout,1
 mmmm very cute,1
 you can spank me for missing that one,1
 I'd slowly run my hands down your back...,1
 and carress your bottom...,1
 and just gently play with your ass and get you excited....,1
 you've got me turned on,1
 but I want to please you to...,1
 make out,1
 just thinking about making out with you,1
 you got me really hard,1
" so, want to talk about making out or something else?",1
 making out with you,1
 what are you wearing?,1
 just trying to visualize you,1
 and gently starting rubbing your shoulders....,1
 and softly kissing your face.,1
 I'd kiss your cheeks...,1
 and then stroke your face with my hands.,1
 what am I? ,1
 kisses to you!,1
 I'm good sweetheart... I've missed chatting with you.,1
 thinking about you...,1
 I even dream about you a few nights ago,1
 uhhh we made love,1
 are you alone?,1
 I was asking if you had ever had an orgasm?,1
 you were soooo beautiful,1
 you want to meet and make love to each other?,1
" so, do you have any more pics you can send",1
" so, let me see some more of you",1
 and one on your profile and the one of you in a brown or black shirt (close up of your pretty face),1
 I can see a little of your breasts...,1
" wow, you are gorgeous",1
 are you home by yourself?,1
 we could kiss,1
 I've dream about making love to an 8th grader!!!,1
" so, why are you not dating a guy",1
 you are sooo pretty,1
 arrange it as soon as you can... I really like you,1
 kisses!,1
 can't wait to see you,1
 do you really want to make love to me? ,1
 I want you sooo much,1
 you wanna see a naughty pic of me ,1
 you're 13 and I'm older ,1
 you make so hard,1
 can't wait to make you wet,1
 and please you,1
" so, do you really want me?",1
 I don't want you to think I'm pressuring you for sex,1
 but I want some naughty pics for you!!!!,1
 kisses back to you decoy name,1
 we should kiss,1
 do you like to french kiss?,1
" so, what are you wearing?",1
 that way I can look at your legs,1
 would you want me there at your house?,1
 I'm alot older,1
" so, do you have a camera to take any more pics?",1
 I want to see more pics of you now,1
" wow, you are pretty",1
 you're gorgeous,1
 I wish the camera was aimed a littel lower ,1
 nite... hugs and kisses to you too sweetheart,1
 I dreamed about you all night,1
" well, sweetheart ...",1
 I shouldn't be dreaming about making love to you,1
 you're sooo young,1
 we could never really date ,1
" oh no, I do like you.",1
 I like you too much to hurt you.,1
 but I know that we couldn't develop a relationship because of our age differences and I don't want to hurt you because of that.,1
 Is he going to let you stay by yourself?,1
" oh no, just want you to know I do like you... but that we just can't be a real couple... which is sad because I do like you sooo much",1
 I want to kiss you for hours,1
 hey gorgeous... I'm good,1
" well sweetie, I'd love to chat... but I gotta work for now.",1
 mmmm kisses to you too sweetheart,1
 I'll bring condoms,1
 did ever take any more pics for me,1
 did he cum in your mouth,1
 I love to be licked and sucked....,1
 but I won't ask you to have me cum in your mouth,1
 I want to spend hours just touching you...,1
 and making you tremble with pleasure...,1
 giving you your 1st orgasm...,1
 eating your pussy...,1
 will any of your family come by to check on you?,1
 sexually,1
 what pleases you,1
 what turns you on,1
" yeah, but you know what excites you.",1
 I think I can teach you alot and be very gentle in the process.,1
 If you decide you really want me to come inside of you...,1
 the first time will hurt some...,1
 If you are really relaxed and horny...,1
 you'll be so wet...,1
 that I'll slide in and out nice and smooth.,1
" yeah, it dependa alot on how much time the guy takes in foreplay (getting you hot and wet)...",1
 we can try a bunch of different positions to see what feels the best to you.,1
 I want you so much,1
 I've never made love to a young lady before,1
 what places on your body turn you on?,1
 and kiss your nipples,1
 I spend a lot of time touching your breasts...,1
 running my tongue over your nipples...,1
 and sucking your nipples in and out of my mouth slowly.,1
 do you shave or trim your pussy?,1
 What time do you get out of school?,1
 if we take a shower together at the hotel...,1
 just give me the address when you can.,1
 I'd rather be with you,1
 wish you had a cam,1
 we would play around on cams,1
 we could turn each other on by underdressing on web cams for each other....,1
 but its probably better and even more erotic that we are waiting until we see each other for real.,1
 I want you sooo much,1
 you are too cute,1
 I can't imagine how wonderful it will be to make love to you,1
 and feel your soft body against mine,1
 I always have time for you,1
 I'd rather be turning down the bed in our hotel room,1
 and leading you to the bed...,1
 and kissing you.,1
 then I'd slowly unbutton your blouse....,1
 and kiss your chest as I unbutton each button.,1
 and run my hands down your legs.... as we kiss on the bed.,1
 hope it excites you,1
 I'd love to have some pics of you with your shirt unbuttoned....,1
 I'll be sooo horny for you though...,1
 I might cum as soon as I see you!,1
 and save it for when we join our bodies together.,1
 I want to feel you kiss me,1
 and taste your lips,1
 I might be alone and could give you a call or something,1
 I wish you were older.,1
 If you and I would ever be there....,1
 I'd make love to you on Cocoa Beach ,1
 that we were having fun,1
 and we could make love at night,1
 I'd take you if you were older,1
" when you are 18, I'll be 50",1
 your virginity silly,1
 Can you take some more pics for me,1
 I need to see more of you...,1
 Just letting you know I don't want to meet you just for sex.,1
 I like you.,1
 if you were older,1
 but you will become an incredible lady soon.,1
 I want you to date other guys when you find one you like....,1
 what would CJ or Jessie say to you if they knew you wanted to make love with me?,1
" if we are still making love when your 18, you can tell then...hehe",1
 I want pics of you with no bra and an unbuttoned shirt...,1
 in your panties.....,1
 talk to you soon sweetheart,1
 I'll dream about you tonight!,1
 Just imagine me kissing you all over your body!,1
 and thought about what we could have been doing,1
 I must have made love to you five or six times in my mind this weekend,1
 I'm horny just thinking about you,1
 I just want more of you,1
" yeah, and hope he doesn't come back early!",1
 would you stay all night with me in my hotel room or would I need to take you home,1
" If you wanted, we could talk to each other on the phone when he isn't there",1
 I do like your voice though...,1
 it turns me on.,1
 you have a young adult lady's voice,1
" so, tell me have CJ and Jessie had sex yet?",1
 then afterwards we'll keep making love so you'll really enjoy it,1
 and really enjoy ever part...,1
 so that by the time we are ready to come together...,1
 make me soooo hard! ,1
 get CJ or Jessie to take some more pics,1
 how old r u?,1
 what would ur parents say if they knew u while talking to a 40 yr old man,1
" don't u have a b/f, ur cute u should have one?",1
" yes, but guys my age go to jail for things like this",1
" minor, does that ring a bell",1
 do u have a cam?,1
 i know i just feel strange talking to someone this young,1
 why u want sex ?,1
" really, how old was he?",1
 do u have any breast? ,1
 would u let me suck on them?,1
 suck on your boobs,1
 so is anyone else home with u?,1
 do u have anymore pics?,1
 did u ever have sex with ur 19 yr old b/f ?,1
 sending the pics in a minute,1
 would u let me suck on your titties?,1
 when will u let me suck on them?,1
 but can u call me?,1
 is ur Mom there?,1
 when r u going to let me come over ?,1
 when is your Mom not there?,1
 what do u want to do?,1
 do u want me to suck on ur titties ? ,1
" if u compared them to a fruit, what would they b as for size?",1
 do u really want me to do that ?,1
 i would have to see them ,1
 i wish i could come over tonight,1
 so will u do anything for me? ,1
 whatever u want,1
 what would u want to do?,1
" ok, so what do u want to do?",1
 what have u done ?,1
" so would u do that with me or not, sex I mean?",1
 did u like doing it ?,1
 so did u let him cum in ur mouth ?,1
" if i came over, what about ur neighbors would they say anything to ur Mom?",1
 u really want to do this ?,1
" cool, so what's ur secret place?",1
 u want me to hold u while u go to sleep ? ,1
" so if things go ok, how often do u want to do this ? ",1
 so what do u think day u could do it ?,1
 what time will you be there?,1
 so are u up for everything for tomorrow?,1
 so u really want to see me that bad?,1
 so r u more excited about meeting me or having sex?,1
" i can't wait to meet u, really !! ",1
 what would u like to do first?,1
 i wish u had some more,1
 so u like them ?,1
" how many times have u had sex, if i may ask?",1
 what all have u done sexually ?,1
 so u r going to bed ?,1
 that why i told u to call me,1
 could u meet me at car wash,1
 could u meet me there?,1
 whats up u wanna chat,1
 looking for someone to do,1
 so wut u look like,1
 nice pic,1
 u think so,1
 dats good i could make u laugh all day,1
 oh u just turned 13 ,1
 u wanna drink,1
 u not quiet in person are u,1
 so wut kinda dog waz in yo pic,1
 so y u so quiet,1
 so u dont have a boyfriend,1
 drink talk play around act stupid wuteva u want 2 ,1
 y wut u wanna do,1
 just have fun act crazy but itz what you ever wanna do ,1
 your do female,1
 how much can u drink ,1
do you wanna do that,1
 ok well we can have fun,1
 we gon do wuteva u want 2,1
 so u want me to come,1
 we can drink ok,1
 wut u want me to do,1
 anything u want 2,1
 ill put it like this if u wanted 2 have sex i would ok i know datz wut u wanted me to say wasnt it,1
 so do u want me 2 come over and bring da drinkz,1
 yea or do u want me to call u,1
 yea if that’s  whatt u wanna do,1
 oh well then get crazy,1
 yea if u want me to,1
 yea I will get da drinks,1
 you really 13?,1
 your really cute,1
 me too like to see you,1
 you alone there now?,1
 you like to watch,1
 what do you want to see,1
 naked,1
 you have a hot pic of you jodi?,1
 i saw those,1
 got an naughty ones hun ,1
 let me take some of you,1
 you sound a bit anxious about me taking your pic,1
 will you take off some of your clothes for me,1
 like to see your body,1
 wish i was with you,1
 what would you want to do,1
 you doing nothing tonite?,1
 looking at your ppics,1
 the finger in your mouth means what,1
 its dirty,1
 you enjoy it,1
 i want my turn,1
 your under age sweety,1
 you dont have a cam,1
 you show on cam and ill come there,1
 love to see you give me a bj,1
 would you take your clothes off while you give me a bj,1
 be nice to see your body,1
 love to see though,1
 what you doing sunday,1
 let me come kiss you sunday,1
 where do i come too,1
 how do i find you,1
 ride my back somwhere and get my bj,1
 you really want me there,1
 your makin me wanna come there,1
 how tall are you,1
 i shouldnt be doing this,1
 your so young,1
 oh i wanna get a bj,1
 love to see you do thaat be hot,1
 he go down on you too?,1
 maybe i can if you like,1
 i am good at it,1
 oh no bet you taste so good,1
 you ever touch yourself?,1
 wish you really wanted me jodi,1
 like i do you,1
 maybe meet,1
 have to hold on to me tight,1
 you gonna hold on to me let me feel those breast against my back,1
 i like that,1
 how big,1
 ill see,1
 do you shave,1
 all of it,1
 so what do you think about me wanting you jodi,1
 pretty eyes,1
 wish i had you in my arms right now,1
 hugging you ,1
 kissing you,1
 let me lay with you jodi.......snuggle,1
 i mean address,1
 or phone number,1
 whats on your mind,1
 go for a ride then drop you off at home,1
 its has to do with sex,1
 between you and i,1
 i want to,1
 how will i find you,1
 no one home tomorrow?,1
 they leave you home alone,1
 so what if i want you tomorrow jodi,1
 if you still want me,1
 got your period,1
 neighbors wont notice you riding off with me?,1
 tell me why your into an older man sweety,1
 will we be able to hang at your house,1
 maybe i can give you a soaping in the shower,1
 wish you had some hot pics,1
 keep looking at them,1
 how tall are you again,1
 what do you weigh,1
 not someone like you,1
 so young,1
 can you call me right now,1
 you see the shows where men get arrested meeting young girls(heh),1
 did you give me your phone number,1
 i need your number,1
 sweet dreams hun,1
 you're very cute -- I like your photo ,1
 do you have a boyfriend? ,1
 mm do you like older guys? ,1
 that's cool you like more mature guys,1
 well i'd be really nice to you,1
" well i'd only say nice things to you, and try to think about what you like and what makes you happy",1
 have you had a bf before?,1
 what kind of presents do you like?,1
 okay well maybe i'll get you a present,1
 so have you had sex before? i know you're young,1
" ok some stuff, not sex all the way",1
 just want to see how experienced you are -- are you interested in trying new stuff like that?,1
 or i can put it up on my profile,1
 i'll put in on my prof,1
 and you're changing photos?,1
 oh there it is -- beautiful photo,1
 you're a really cute girl,1
 i'm working on uploading mine,1
 hmm are you there all alone?,1
 you're really cute,1
 think you'd want to meet up? ,1
 i'd love to meet you,1
 ok how long are they gonna be gone?,1
" so you've got the place tonight, nice",1
 yeah i'd like to visit you,1
" well you know i think you're really cute, so anything you'd be up for I'd love to do ",1
 u done oral? ,1
 have you gotten oral before?,1
 what's the address?,1
 ok is it a house or apt?,1
 well if we did that i'd use a condom for it ,1
 i don't want you to get pregant either,1
 i know i can't wait to get over there,1
 i'm looking forward to meeting you,1
 How old r u?,1
 Do u have cam?,1
 This is your account?,1
 R u a gril or boy?,1
 Did u chat a lot?,1
" a lot of bad guy, right?",1
 Stay at home alone?,1
 Do u have sisters?,1
 which city r u in?,1
 How many b/f do u have so far?,1
 How many bf have u had so far?,1
 Do u miss him?,1
 How long did u date with him?,1
 I believe u find a better one in the future,1
 don't hurt yourself,1
" If you want to forget one guy, u have to know another guy",1
 Do u have pics?,1
 May I see u?,1
" OK, I got it. Pretty girl",1
 u r so young,1
 13 to me,1
 is too young,1
 Do u like to see me?,1
 I have cam,1
 Do u have cam?,1
 I want see u,1
 how far away from there?,1
 That 's the first man you love,1
 Did u give him your self?,1
 Do u have sex experience?,1
 Do u enjoy it?,1
 So u didn't have sex with your bf?,1
 I heard a lot of girl like u are not virgin in US,1
" If u were 23, that wud be great",1
" To me, u r a baby",1
 Where is your mom,1
 I am interested in all,1
 May I hang out with u sometime,1
 how far away from here to your home,1
 Can you give me your address?,1
 u already saw me,1
" to be honest, I am a nice guy",1
 May I check you address? We will do whatever you like,1
" Can u give me your address? For protection, give me city and zip code only",1
" Please don't worry, I guarrenty I will NOT hurt u/",1
 I am nice person,1
 Can i meet u online next week?,1
 May I buy a cam for u?,1
 cam and mic,1
 Weight and height,1
 May I have ur phone No.,1
 Did u talk with your bf before,1
 You will know me better,1
 I am not bad.,1
 U r so young like my daught,1
 anything u interested,1
 anything just other than sex,1
 Do you play normally?,1
 Is it OK to you play online?,1
 Do u like I chat with u online?,1
" I like u, carly",1
" In your age, shy",1
" No, I mean regular boy friend",1
" I mean, Do u girls play with boys at school",1
 Will u talk about me with them?,1
 U stay at home the whole summer?,1
" Let u take a look at me,",1
 When will u give me your address so I can pick u up,1
 I love u carly,1
 pretty girl,1
 May I know how old she is?,1
 your concern about me,1
" no interest on me, right?",1
" so, I am interested on u, that's why I asked so many questions",1
" no, but I had girl friend before",1
" That's my question, u r so young",1
 I love u,1
 I worry about u r too young,1
 I promoise I will not hurt u,1
 so you r my gf now,1
 I will make u happy,1
 How many rooms in home?,1
 only u and your mom live there?,1
 how long u live there?,1
 U like it?,1
 I love u,1
" I love you, baby",1
 ALone?,1
 Did u miss me?,1
 I miss u all day,1
 I like talk with u,1
 Do u rember what I look like?,1
 Do u have more pics?,1
 Can u send to me?,1
 u have good skin?,1
 skin is right here?,1
 and sexy lip,1
 Do u have more?,1
 wonderful pics,1
 I like your hair,1
 May I touch it?,1
 Do u have more?,1
 Do u like take pics this weekend?,1
 I have good digital cam and email back the pics to u,1
 waiting u,1
 U have those wonderful pics,1
 I like your lip,1
 send me pics,1
 Do u have mom's pics? ,1
 how long did u take the pic? which one is recent,1
 Looks u r not baby,1
 R u baby?,1
 but u r my baby,1
" I like u, baby",1
" send me more, plz",1
" send all the links to me, plz",1
 Do u like me?,1
 I worry about u r so young,1
 I love u,1
 I like your lip,1
 I can't help myself to kiss it,1
 I love u,1
 I can meet u on Friday?,1
 have sex?,1
 Me,1
" I don't want hurt u, u r my baby",1
 pretty baby,1
 but at lease bf/gf kiss.,1
 May I touch u?,1
 u r so sexy,1
 I will miss u,1
 I am waiting here long time,1
 I miss u,1
" I love u, baby",1
 will u talk to me?,1
 Do u still keep my phone no?,1
 don't show somebody else,1
 it's just between us,1
" Don't talk with anybody about me, OK",1
 Can u give your address?,1
 pick u up weekend,1
 to have sex with u,1
 it will hurt u,1
" yes, I really really want to see u, my gf",1
 but I dn't want hurt u,1
" at whole nit with u, i can't help myself to have sex with u",1
 u r so young.,1
 I can't do that with u now,1
" when u grew up, I will",1
" I am ur bf, I love u",1
 but it's guilty to me to do that with u,1
 I love u honey,1
 Do u love me?,1
 So plz DON'T tell anybody about us,1
 I want kiss u now,1
 Do u like?,1
 Do u like have sex with me?,1
 but it will hurt u,1
" hurt not on body, on others",1
 do u know her bf,1
 how old r they?,1
 R u virgin?,1
 what did u do with ur ex bf?,1
 Just want to know what I can do ,1
 and not hurt u,1
" I love u, baby",1
 I am wondering why you didn't have sex with ex bf,1
 after touching,1
 I mean when you're touching,1
 Now u have protection,1
 how can u make love with me?,1
 Did u have periods,1
 is that painfull,1
" when u make love, spill it outside that would be fine",1
 pull it out,1
 spill sperm,1
" just before I come sperm, pull the penis out the pussy",1
 dirty word,1
 Do u miss me?,1
 what did u think about me?,1
 I will kiss u long long,1
 do u have sex education on school?,1
 about sex,1
" no, i mean question like sex experience",1
 how long it last for your period?,1
 knowledge for preg,1
 period and pregnant,1
" within 3 days after ur period, even sperm in virn, no pregnant",1
" u know, I watch ur pics a thousand times today",1
 I wish you were 18,1
 I can have sex with u,1
 I will be ur home at Sat,1
 but I can't make love with u now,1
" If you don't change your mind, will u marry me after u grew up",1
 kiss u,1
 touching you all over,1
 will u touch me?,1
 do u miss me?,1
 do u want take look at me?,1
 Do u love me?,1
 ur pretty,1
 Do u look at me?,1
 I kiss u now,1
 Do u like her bf?,1
 do u think she already have sex with him?,1
 so u alone at home then,1
 do u still want to look at me?,1
 want see me?,1
 I like touch u now,1
 I said I want touch u now,1
 where can I touch?,1
 pussy,1
 may i use my finger,1
 will u feel happy?,1
 do u enjoy that?,1
 May I touch ur breast?,1
 Can I touch those for me now?,1
 just for fun for u,1
 can't wait any longer?,1
" in case we have sex,,,,",1
 do u still look at me?,1
 I am ur gf,1
 Do u need protection?,1
 want see me?,1
 love me?,1
 what do I look?,1
 what time your mom back home?,1
 I like me to stay with u,1
" no, take shower with me",1
 I am worrying about u,1
" tell me, r u scared? If so, I am sure I will be there.",1
 address?,1
 I need ur address if u like,1
 Give me address first,1
 alone at home?,1
 stare at me?,1
 I miss u,1
 but I will wear that one to see u,1
 I like that one,1
 Am I too old to u?,1
" Sweety, How r u?",1
 Do u want to see me?,1
 I love you and kiss you.,1
 I want to see you ASAP.,1
 just lonely,1
 just looking for some fun ,1
 a hook up,1
" talk, make out, whatever ",1
 what do you do for fun?,1
 you have a cam?,1
 I cant get into my profile,1
 your cute yourself ,1
 fun time now uh?,1
 you married?,1
 feeling frisky? ,1
 want me? ,1
 I mean physically? ,1
 what else? what kinfd of fun? ,1
" you tell me specifically, I like girls who know what they wanna do (I was not about to get graphic with him.)",1
 you must know what you want,1
 all we could do is kiss if thats all you want ed to do,1
 just dont wanna push ya,1
 think Im gonna get naked,1
 comming to greenvile and getting naked lol ,1
 whatever you want to do with me,1
" lol,.but you were never specific with me",1
 kiss?,1
 would you get naked?,1
 wanna have sex?,1
 Im big,1
" 8"" and thick",1
 so are you tight?,1
" you know, tight down there",1
 could I stay the night? ,1
 as long as we dont get in trouble ,1
 you on? You never called me back. Hope to hear from ya ,1
 I dont remember if I asked you if you had anymore pic,1
 I went to bed,1
 you straight up with me?,1
 I mean you really want me to?,1
 whatsyour number,1
 I just need to know your being straight up with me ,1
 but you must know what you wanna try,1
 you do too even if you have b=never tried,1
 your old enough to know,1
 hook up like how?,1
" we could,..do you want to?",1
 you need to tell me if you want both,1
 I got busted Soliciting,1
 hey chick how are you ,1
 so what are you up to this summer,1
 lol .. that could be a bad thing ,1
 you looked at my profile yet?,1
 ohok .. well im seeking some naughty fun .. ,1
 dont know if you are up for that kinda thing or not .. ..,1
 so you like naughty stuff?,1
 what all have you dont if you dont mind me asking?,1
 sorry .. .. what all have you done .. ?,1
 you like oral?,1
 can you deepthroat?,1
 might have to show you later ,1
 so you are free this weekend?,1
 so we could hangout at your house?,1
 what all could we do ?? movie? hottub?? ,1
 you play in it any??,1
 so you have a jaccuzzi now or you had one?,1
 you get in it when your parents arent around?,1
 how big isit?,1
 so how do you feel about sex?(The thousand dollar question),1
 you on birth control or you sticking with condoms?,1
 you really tight??,1
 how many fingers you get in?,1
 hey do you have a gag reflex?,1
 oh ok ... well do you want to know what deepthroating is?(Not really but I am sure you will tell me),1
 its where you take the guys whole dick in your mouth .. where it goes to the back of your throat ,1
 think you could handle that?,1
 i show you my pic later today ,1
 so when you had sex before.. did it hurt .. i mean you being tight and all ,1
 cause if you can only fit two fingers .. ill stretch you some .. and i dont want you to be hurting ,1
 you got toys?,1
 what you going to practice with?,1
you dont moan a lot??,1
 what do you want to try that you havent done before??,1
 what all have you done?,1
 give and receive oral?,1
 willing to try that?,1
 you want to try that deepthroating i was talking about earlier ??,1
 what if all we did was oral?? would you be ok with that?,1
 yeah id be ok with it .. i mean if we have sex then hell yeah but i love to do oral,1
 did you like third base?,1
 who gave out first ..you or him??,1
 what else you want me to bring?,1
 why dont we make our cum the lemonade and you my cake??,1
 when you had sex before .. did you cum a lot?,1
 did you have a lot juice come out of your pussy?,1
 wait till you have a guy eat you out .. (give you oral sex),1
 some girls squirt cum they have such an extreme orgams,1
 when you had sex before .. who stopped first?? ,1
 think you could have gone much longer?,1
 oh ok then ..you kinda cocky arent you,1
 what position did you do it in?,1
 any position youve seen that you want to try??,1
 hey i got to go eat ill be back in a few,1
  what time do you usualy go to sleep?,1
 dont dream about me too much ,1
 hey you might want to go ahead and start practicing ,1
 im 7inches ,1
 might give you something to dream about.. sleep tight,1
 how deep are you .. do you know?,1
 you got a lot of things to try ,1
 you think you could take all 7 in ?,1
 hey are you nipples sensative?? ,1
 cool .. you let me suck on them??,1
 which one you want first,1
 i can still cum meet you ,1
 ?,1
 well i know some people dont like to be open minded about sex and all ,1
 so you are interested in trying ?,1
 anal.. something in both .. 69??/,1
 maybe a dick in your pussy while i finger your ass or vice versa,1
 hey do you have a pic or anything?,1
 if i get there around 1 thatll give me a couple hours with you ,1
 you think you can do it for two hours??,1
 would you let me go in a couple of times with out a condom to see what you feel like raw?,1
 no babe ..im clean,1
 did i ask you if you squirted ?,1
 so do you squirt? wana see if i can make you squirt,1
 so what do yu do for fun then? ,1
 i guess depends on what u call fun huh ,1
 so what u wanna chat about? im open to anything ,1
 so do u have a b/f here?,1
 so how come no b/f?,1
 so what kinda b/f u like?,1
 lol oh ic so u like older guys,1
 can i ask u something then what turns u on about a older guy ,1
 so mom have a b/f?,1
 so what would u rather be doing ,1
 does she get naughty with him? ,1
 ahhh yea i call that naughty,1
 so how old is her b/f?,1
 oh and how old angie,1
 can i ask hove u got nauhty with somene?,1
 can i ask did u suck him?,1
 its ok if u want to be naughty,1
 let me ask do u have a fantasy ?,1
 i mean in naughty way,1
 so what u wanna do in a naughty way,1
 just wonderin what u would like to try doing ,1
 but that would be up to u ,1
 what do u want to do,1
 intercourse ,1
 u know how babies are made,1
 i do have a cam though ,1
 u wanna see huh ,1
 u think huh ,1
 so u like what u see?,1
 just tryin to find where pics are,1
 hang on checkin it oout,1
 no your cute,1
 actually u look pretty ,1
 so do u wanna get naughty?,1
 oh idk whata u wearin?,1
 hmmmm ok what uder dress,1
 well idk some people dont wear panties,1
 unless i have a nice girl who would want to suck it lol ,1
 has any one ever showed u cam?,1
 do u play with your self?,1
 oh you would rather guy do that?,1
 the guy u were touchinand stuff did u let him touch it,1
 oh so u never been touched there,1
 rub all over it make u cum,1
 good touchin and feelin,1
 u have any hair there?,1
 hmmm ok so smooth down there,1
 how big your tits?,1
 wow nice size ,1
 can i suck on them,1
 hmmm can i come wash your back (And what else?),1
 hmmm might lead to washing other parts (Like I said...),1
 areound tits and other places,1
 pussy ('Nuf said.),1
 u like that,1
 hmmmm would u wash me,1
 kiss touch and feel,1
 maybe a little sucking,1
 u wanna suck some dick (No!),1
 ok would u care to see what u gonna suck? ,1
 u sure u wanna see it,1
 anyone ever show u,1
 k unless u want me to come wash u,1
 so when mom get home?,1
 so u in house or apt?,1
 so dod u like last night?,1
 ok has any one done that with u before?,1
 yea so u like me huh ,1
 oh ok so u watch them kiss and stuff,1
 u like the guy in charge huh?,1
 do they keep a eye on u,1
 so what u doin tonight?,1
 hmmm some touchin and feelin huh,1
 sure up to u if u wanna,1
 hmm u need your back washed again huh lol ,1
 sure wish u had a cam,1
 all nice and clean ,1
 so what u sleep in?,1
 u like it?,1
 u ever sleep naked?,1
 hmm ic well u can just wear jeans or sunthin,1
 hmm i dunno u,1
 hmmm would u like to kiss,1
 sure u wanna kiss me,1
 mm maybe suck on your nipples ,1
 u want me to do that,1
 u wanna do more than that?,1
 hmm like suck some dick,1
 u really wanna learn,1
 lol so what are u curious to learn,1
 have to go somewhere and get u totally naked,1
 have u suck and me feel and rub on u,1
 so u wanna get naughty huh,1
 what kinda panties u wear? ,1
 u have thongs?,1
 should get u some sexy see thru panties,1
 u want some?,1
 if i do get some for u u gonna model them for me,1
 what size panties u wear?,1
 so do u wear tight jeans or loose/,1
 thinkin u should be here naked lol ,1
 would u like it,1
 so when no one home do u go aroud naked?,1
 what u thinkin,1
 its ok jus come naked lol,1
 what ever u wanna wear,1
 u gonna look pretty no matter whatu wear,1
 wellif u do i dont like alot... i like natural beauty,1
 hi sorry missed u on here ,1
 what u like to eat ,1
 u really want me to come pick u up,1
 lol oh ok so where mom ?,1
 what u wanna do?,1
 what would make u happy?,1
 so what turns u on about a older guy,1
 would u like to do some naughty things?,1
 well u can touch and stuff ,1
 ok do u want to though,1
 up to u thogh,1
 hmm u can snak on me lol ,1
 lol well right this second gettin undressed,1
 sittin here in underwear now,1
 so u get your shower yet?,1
 oh i know u wanna check out the bed lol ,1
 has a twin bed in it ,1
 yea not to bad pretty comfy,1
 oh ok thought u might have wanted something,1
 hmm well what would be fun to u ,1
 u wanna get naughty huh ,1
 u wanna lick and suck,1
 u my cock and me your pussy ,1
 no i think u probally that age u really curious abiout sex,1
 well cause it has bed,1
 what u wearn tonight,1
 can i come undress u ,1
 would u want me to come undress you,1
 so what u thinkin about,1
 oh what u thinkin about it?,1
 or a sexy pair of panties lol ,1
 sure if u model them for me,1
 yea but your mom can never find it,1
 so what have u done so far?,1
 ok what did he touch?,1
 ok rubbed on tits ,1
 did he lick them?,1
 oh were your nipples hard?,1
 do u have little nipples or big?,1
 just wonderin if they long or short ,1
 have u had your pussy rubbed on?,1
 hmmm u want it rubbed on?,1
 hmmm do u rub on it?,1
 have u ever got like a tingle feeling there? or in tummy,1
 when ever like when u see a cute guy or something,1
 hmmm makes u feel like warm all over,1
 k do u like that feeling?,1
 just wonderin ok cool what u wear under them,1
 well some girls wear undies and shorts,1
 wear skirt thurs,1
 u ever feel a cock?,1
 let u touch mine ,1
 u lik etalkin naughty?,1
 just wear your skirt thurs,1
 well u better get in bed lol ,1
" you dont even know me, and you are going to let me take your virginity and hurt you a little",1
not for sex lol,1
 whats your addy,1
 are you shaved? ,1
" k, do you like being on top?",1
 and riding,1
 should i stop off and get some alcohol?,1
 i wanna get you all fucked up lol,1
" im gonna want your ass alot, just so you know",1
 even if it really hurts you,1
" k, well im gonna go shower and then go get my videocam and stuff",1
 talk to you in a little bit sexy,1
 what will you be wearing,1
 you wear thongs?,1
 what kind will you wear today,1
 do you have an old pair of panties? i want to rip it off,1
 wear one of thoe so i can rip it,1
 is it really thin and ready to be ripped?,1
 do you have any dresses?,1
 oh.. nothin i could rip? lol,1
 you said you only got a couple thongs.. what if i ripped one,1
" well, is that ok or would you prefer me to rip an old pair",1
 wear a dress and an old pair,1
 how long is your hair?,1
 can you make 2 pigtails? lol,1
" k, i want to hold onto them and pull them when im behind ya",1
" ok, so the reason im coming over is to chill with you and watch a movie ",1
 just 2 people hangin out watching a movie ;),1
 i dont get freaked out easily tho,1
 so you are wearing a dress and your old panties right,1
 will you wear a bra?,1
 kick her ass out!! lol,1
 have any friends my age,1
 ur really cute but ur 13,1
 its not a bad thing but to young for me if u know what im saying,1
 buit u are a cutie,1
 u ca view if u want,1
 so what r u doing up so late for,1
 checken email and looking for hotties,1
 so u have any other pics other than the one in ur profile,1
 so what about those pics,1
 u model,1
 jeeze to bad you arent older,1
 so u could date me,1
 dont u have a bf,1
 ur hot though,1
 kinda like being single,1
 but i love to cuddle,1
 do ur parents know ur talking to a 23 yr old,1
 maybe in 5 yrs we could go on a date,1
 what u do for fun,1
 smoke pot/drink,1
 when ever or at a party,1
 whats the oldest guy u been with or out with,1
 u a virgin,1
 sorry should of never asked u that question,1
 u a virgin,1
 so whats ur fav sexual position,1
 i like putting my head between a girls thighs with my touge up in her,1
 if u camw it would be up to u,1
 its always up to the girl,1
 would u want to do me,1
 never been with someone as young as u,1
 i like u but to bad we cant chill,1
 so ur coming to my house for the weekend,1
 u saw me on cam,1
 u ever met someone off of here,1
 what do u wear to bed,1
 whaT DO U WEAR WHEN UR WITH A GUY,1
 no to bed,1
 how u do it in a car,1
 beds more fun,1
 hows ur ass look,1
 what about ur chest,1
 u really want my number,1
 whats ur hight and weight,1
 how much longer u staying up,1
 call me tonight if u want,1
 but u have the sweatest voice,1
 i liked it,1
 u tell anyone about me,1
 do u really want to see me this weekend,1
 we r just gonna meet there,1
 how big is ur bed,1
 how did u get a queen,1
 when r ur parents leaving,1
 so when r ur parents leaving,1
 have u ever slept in the same bad with a guy,1
 then how u gonna sleep with me,1
 u gonna have sex,1
 im not forcing u,1
 so how big is ur chest,1
 to bad ur not 17 or 18,1
 then id date u,1
 no go out with u,1
 u have a nice bed,1
 ur parnets rich,1
 u have a dildo,1
 did u cry last time u had sex,1
 how fast,1
 u ever played with urself,1
 do u cum,1
 u know its gonna be rough,1
 like im gonna put it deep inside of u,1
 if it does ill pull out ,1
 u have nails,1
 if it hurts claw me,1
 but pain is fun some times,1
 like spanking,1
 u have any full body shots of urself,1
 i could stay for like an hour,1
 its all up to u,1
 see if ur like a slut cuz i hate sluts,1
 and now i know u dont sound like one,1
 im not calling u a slut,1
 baby,1
 can i call u baby or sweetheart,1
 party with me for the weekend,1
 when ur parents gonna be home,1
 what kind underwear u wear,1
 u have any sexy pics,1
 he cum in ur mouth,1
 did u like that,1
 how many times u done it,1
 whas the biggest dick u have,1
 how far do u put it in ur mouth,1
 in ur throat,1
 call me,1
 u have such a sweet voice,1
 r u a good kisser,1
 tell me what fun means to you,1
 u smoke,1
 i like thaT,1
 what happens when u get really high,1
 u ticklish,1
 how much tickling can u take,1
 what if ur parents found out about us,1
 so u haave thoughht about being with a girl,1
 god i wish i was with you,1
 i mean on top of me,1
 how do u look in a bathing suit,1
 what u wear,1
 so what u gonna wear  when u first meet me,1
 im so horny right now,1
 are u you 13 ,1
 are you 13 ,1
 look older ,1
" im alot older , is that a problem ",1
 so what are you up to ,1
 u come here often ,1
 no im old but not that old ,1
 do you have any other pics,1
 i click on ur pics ?,1
 ok teach me ,1
 saw ur pics,1
" there like cops trying to pass for girls, under age girls, older guys bla bla bla all that crap ",1
 where ur pics taken with a web cam ,1
 so u could call me ,1
" not saying you shouldnt be here, im glad you are, but whats a 13 year old girl doing here in chats",1
" im glad u are, i got to met you ",1
 dont u have the lil smiles ,1
 do u still wanna see my pic ,1
 k but dont get scared,1
 ur cute too,1
 i saw them ,1
 i sent the pic ,1
 like you ,1
 mind if i add u and kiss u ,1
 oh can u do the kiss,1
 dont do it too much,1
" u dont get a kiss or even hug from me if ur not nice, sweet ",1
 well if i find a bitchy girl i dont even bother to keep talking ,1
" but really, i hope we talk again, often ",1
 well i'll be on so u can talk to me ,1
 what u drink ,1
" if thats what we drinking i like smirnoff, or how ever it is ",1
" well we can again, cant we ",1
 u want my number so u can text me ,1
 it was nice meeting you ,1
 im just caring what can i do ,1
 cya hottie ,1
 mine??,1
 so what do u see now ,1
" is me, once i added you it changes to jack ",1
 i mean im here so u can talk to me ,1
" yes it fine, im glad u did ",1
 i was hoping u did ,1
 when do i see it ;),1
 look at ur phone silly ,1
 no im just wondering couse some u can send pics to other phones,1
 ur not scare or nervous of doing that ,1
 not as much as you ,1
 come on look at you ,1
" even with a cell pic which arent that great , ur a cutie",1
 where are u then ,1
 nice freaking name ,1
 fuckers dont work lol,1
 im just gona see hotels near there lol,1
" safer, dont want ur mom finding out ",1
 i'll stay with u ,1
 u might not like me ,1
 or thinking we gona sleep in same place ,1
 im happy just meeting u ,1
 2 beds or same bed;),1
 most have 2 beds but u can jump over to mine if u want ,1
 yah but i dont wanna scare you ,1
 u'll see once u see me u'll feel comfy around me ,1
 and next time mom leave i'll come and stay with u longer,1
 u sound so cute ,1
 i like urs,1
 i'll miss you,1
 later sexxy,1
 thought it was u ,1
 kinda hot ??,1
 i like u too ,1
 lots of girls too ,1
 well know eacother better ,1
 feel better with eachother ,1
 ok i'll pick u up from ur bed and bring u to mine ,1
 2nd time u;ll be my girl ,1
 since we met ,1
 are u home now,1
 missed me?,1
 mmmm we cuddle,1
" but just like i think i know what u want to happen, i think u know what i want to happen",1
 sexy thoughts u thought i had,1
 what u wanna hear ,1
 i do and i like u ,1
 but i wanna feel that u do too ,1
 once we alone that wont happen ,1
 when are u getting ur phone ,1
 whens mom gona be back ,1
 looks like u dont trust me ,1
 no im testing you to see how much u trust me ,1
 im not hitting on her ,1
 so couse i talk to a girl im hitting on her ,1
 so if i was ur age and we all go out i should not even look at her ,1
 u ever go out with ur bf and ur gfs?,1
 so what u did all weekend ,1
 so ur still single ,1
 whats ur adress,1
 trust me ,1
 dont get scary ,1
 im not spying ,1
 by meeting u ,1
 if u were a guy u would think about it too and wanna make sure the girl is for real ,1
 and i know u wanna make sure the guy is safe too ,1
 and i had seen her on cam ,1
 shes underage ,1
 plus ur closer ;;),1
 i been telling u trust me im not some creep like most here ,1
 u are probably safer with me than most of ur guy friends ,1
 that girl we meet after a week i think but we cam everyday ,1
" beach, out anywhere, and then hotel i guess",1
 take a pic in it ,1
 shes got my digital camera at her job ,1
 meeting guys from here ,1
 lol dont change ur mind about me now ,1
 couse ur gona be mine after ,1
 is the girl that says yes or no ,1
 guy can only ask ,1
 lol u might not even like me when u see me ,1
 not today but if u call tomorrow i'l go on cam for u ,1
 so u can send me pics now ,1
 do u have any other picks in ur comp ,1
 how tall are u again ,1
 i like them small anyways ,1
" just height and weight, i like tiny girls ",1
 more than one reason ,1
 think about them ;),1
 i'll tell u in person ,1
 but i think u know ,1
 are you busy tonight would you like to see a movie or something ,1
 what is your name sweetie ,1
 it's so beautiful,1
" i'm looking for a date to take to the movies tonight would you be interested or just someone to cuddle with in my car at the beach, i can pick you up and i'll pay for everything no worries (So let me get this strait, Corye. You know that you are dealing with a 13 year old yet still you push on.)",1
 i love to kiss and cuddle like teddy bears,1
 u like to,1
 sure we can talk for as long as you want i'm super nice i'm originally from georgia,1
 i'm a southern type guy laid back fun and affecionate lol,1
 so you are free tonight what city are you in i'm in chula vista,1
" i know baby, lol ",1
 i want to see you tonight so ask whatever you need to in order to feel like friends and be comfortable (Because you are ALL about the girl's comfort huh?),1
" all i missing in a sweetheart to share my love with a girl to romance and kiss and cuddle that is what i want to do tonight and i hope you can be my superwoman!! awww (Be your ""superwoman""? Yeah, no.)",1
 anything you want honey i like talking with you,1
" i have had several but i'm picky and i know what i like some girls cheated on me some had to move away to work in other states so they just didnt' work out (So, you're idea of ""picky"" is picking a 13 year old?)",1
 but i'm really sweet i've never had a bad girlfriend i'm just single now ,1
 yes i have many girls that are my friends but there is something i like about you in particular so i want to be with you and find out how big your heart is i already know i'm attracted to you physically i want to know about what's on your inside of your heart (The inside of my heart is filled with distain for you.),1
 keep asking i like talking with you,1
" why i that, can you tell me what city you are in how many miles from san diego",1
 so your worth the gas money ,1
 no i'm here honey,1
 so you like me so far sweetie,1
 i think i am the sweetest person in the world,1
 i'm a super good friend i pride myself on never lying to my girlfriends,1
" if you love me and hold me and be with me i will love you forever and never hurt you ever i like to make people happy and smile (So, making her smile is all it's about then, huh?)",1
 if your smiling and happy so am i!,1
" yes, depends on how close you live to me",1
 if i know how close then i know how much time we can spend together sweetie,1
 if your close then we can do lots of things together sweetie,1
" aww, really, it's ok honey some people might say bye now but i really like you and think you are worth the drive ok hope you realize how big of an effort it will be to see each other",1
 would you want a relationship then,1
 i like you so much i wish you could drive and meet me halfway u know,1
 i need an exact address and i'll tell you how far,1
 i'm really serious honey i want a girlfriend,1
 i want to be with you tonight if you can meet me how long can you be out of your house are your parents strict,1
 how long is your mom gone for baby,1
 to keep you company,1
" awwww, yeah i hope you enjoy our talk and will let me come over i'm ready as soon as you want me to be with you i want you to be comfortable of course so ask me anything you need to ok (Yes, I am sure you are all about the comfort level of the 13 year old and NOT about your own selfish wants. Mmmhmm.) ",1
 then i'll come over and keep you company i can stay until sunday if you want no pressure ,1
" i want to just be with you and i would be sooo happy honey i like to just chill we can go see a movie, or go to the beach, my favortie thing to do with my girlfriend is to rent new movies and watch them at home and cuddle and makeout i hope you like to be affecionate kiss and cuddle it is so much fun with a hot person i like doing that so much ",1
" awww, we are made in heaven for each other then!",1
 i think you will be a great girlfriend to me i want to be with you so bad,1
" yes i want you to ask me anything else you want then as soon as your ready give me directions and i will come right now to be with you and claim you as my girlfriend tonight!(""Claim""? That's interesting...)",1
 we can have so much fun together,1
" but we can spend all tonight and tomorrow together in each other's arms that would be my dream(Don't make me vomit, Corye.)",1
 what u like sweetie,1
 tell me do you have any photos so i know what you look like,1
 describe yourself in words to me !! make it exciting lol yeah send them to me now blaggca@yahoo.com,1
 i'll send you some back and stuff ok,1
 i love taking photos and looking at them,1
 so much fun,1
 lol are you sending me photos now on email,1
 that's so adorable your the perfect size i like athletic girl do you like to work out run and stay in shape,1
 i'm seeing now wait baby,1
" awww your the most adorable and prettyiest woman ever!! i like you a lot i send you 2 photos also ok the second one is with my last girlfriend she was so pretty also that is how i look when we cuddle so cute huh!!!!(13 year old = NOT a woman, Corye.)",1
 your very welcome your are so pretty to me,1
 did you get my photo,1
 that is my former girlfriend she is back in brazil now she is so pretty isn't she i like sexy girls!!,1
 she was so sweet to me but she had to move back,1
 but i'm single now and i need another girlfriend to comfort me ,1
" awww, thankyou so much baby i work hard to stay in shape i have flat stomach and i eat good, well sometimes!! haha",1
 we could be the hottest couple in city,1
 i can't wait to hold you in my arms!!,1
 your so sweet,1
 do you know the address,1
" don't tempt me, lol",1
 i'm so jealous,1
 we can watch movies play in the hot tub and just get to know each other ok!!,1
 we can do anything u want...i don't know how shy you are honey,1
 like i said cuddling is my favorite thing to do i like to kiss hug and anything else as long as your comfortable,1
 we are both hot ,1
 and attractive so,1
 i like you a lot i will only do what you want sweetie,1
 tell me what you would like it seems like you want to do something else with me,1
" u want me to say it first, lol, i'm not shy honey you can say what you feel",1
" please feel open with me we will be b/f g/f so you can tell me all your feelings(Yeah, put it on the kid.) ",1
 i am affecionate and i loved to be loved and make love ok,1
" yes, i want to respect you honey you are going to be my girlfriend after all let's just leave it at this i'm really attracted to you and when we get together nothing is impossible ok i'm saying when we get in the hot tub we can make love no problem, i would love that!!",1
" you happy now, lol",1
 i want to make you happy whether we just kiss or make out it's up to you! ,1
" i want to make love to you sure i'm a guy, lol and we are both very pretty so ",1
 it would be so much fun,1
 are you a virgin just so i know ,1
 no it's not bad,1
 i still like you,1
 i had sex for the first time when i was 12 girls usually wait 1 or 2 more years the thing i knew is that when i wanted this very pretty girl we were g/f and b/f and i did it with her and i am so happy i did,1
 but it's your choice and i want you to be happy so we can meet and if you feel a strong attraction i'd love to makeout no pressure though,1
 can i get the directions please,1
 the house number too,1
" yes i will sweetheart, i have something most girls don't get to do also i have chocalate flavored condoms i only have 2 left i will use them for you(Did you really just make it seem like she would be special because you are going to use chocolate flavored condoms? Douche.) ",1
 i'm ready to be your man,1
can you do me a favor baby,1
 thankyou so much your so sweet,1
 that's your house number baby,1
 can i call that number if i get lost,1
i'm so excited to be with my new girlfriend wow so excited,1
 see you soon babygirl,1
 you are very pretty,1
 welcome sweetie,1
 pretty name,1
 wish you were older\,1
 what you want to do,1
 what you like to do,1
 you like older men,1
 looking for a new one,1
 i would ask you ,1
 but you are very young,1
 and lots of sexxx,1
 wanna call me sometime,1
 thank you sweetie,1
 you have a bikini,1
 or we going to skinny dip,1
 thats sounds like fun,1
 how much you weigh and how tall are you,1
 i like my girls small and young,1
 the pic i saw i did like,1
 you are very pretty,1
 welcome sweetie,1
 thank you sweetie,1
 naughty elf king,1
 prob still in love with her,1
 so you going to be my girl,1
 how many guys you been wuth,1
 was going to ask what your fave position is,1
 ok talk to you later sweetie,1
 hey sweetie,1
 hey sweetie,1
 thinking of you,1
 i still want to come and see you,1
 but i will come down and see you,1
 we will go swimming and just hangout,1
 we canwatch some movies,1
 and you wouldnt be alone either,1
 yes if you want me to,1
 be with you,1
 what is your address,1
 hey sweetie,1
 hello my sweet,1
 i will be on my best behavior,1
 what you dont want me to be good,1
 i will always talk to you,1
 you will have to initiate everything,1
" if you want me to be bad, you have to ask me to do whatever it is you want",1
 and if you dont i wont leave,1
 what size bra you wear,1
 thats what a mouth full,1
 i like em about average size,1
 dont like big boobs,1
 i like that,1
 wear that or your bikini,1
 yes i love miniskirts,1
 wear what you want to wear sweetie,1
 i am sure you will look in anything you wear,1
 be excited,1
 welcome sweetie,1
 what is your address,1
 the middle of my back,1
 you going to play with it,1
 i cant have kids,1
" the first time my first ex cheated on me, she got pregnant",1
 they are messy and you cant feel everything,1
 i have ten minutes,1
 what else you want to know,1
 think of something,1
 want to shave,1
 want me to shave,1
 i am doing it for you,1
 you want me to stay the night,1
" whenever you want me to leave , i will",1
 you just tell me ,1
 you miss me,1
 so ask me something,1
 ,1
 you like skinny,1
 but dont drink beer,1
" i aint very muscular, but i can still pick you up and carry you around",1
 you know i never had a gf that was a redhead,1
" small, skinny,beautiful,sexxxyand young",1
 supposed to say yes,1
 you want me to call babe or sweetie,1
 that is a very pretty name,1
 so you dont care that i am 22 years older than you,1
 i love younger women,1
 good and dont be shy,1
 its alright sweetie,1
 how big was your bf,1
 i mean down there,1
 i am very careful,1
 STDs,1
 cause i am careful,1
 you like porn,1
 you get to pick,1
 i cant wait,1
 you ever spent the night with another guy,1
 how big is your bed,1
 how wide,1
 how wide is your bed,1
 hit the wrong button,1
" when you with your last bf, what exactly did you 2 do",1
 you on bottom,1
 him on top,1
 missionary,1
" yes, that sounds good",1
 same here sweetie,1
 so for sure you single right,1
 so your single?,1
 your single right?,1
 so whats your plan for you v day?,1
 i can be your date ,1
 is age does matter to you?,1
 but i can make you very special thats for sure,1
 so i can make you special by calling you,1
 taking you out,1
 taking you out?,1
 im turning red now,1
 want more?,1
" i want to show my body to you (Good, more charges.)",1
 do you have any other pic?,1
 can i see it?,1
 is it sexy?,1
 like sexy looking pic,1
 what do you like in a guy anyway?,1
 yeah im here baby,1
 i just saw your pic,1
 sexy looks also,1
 i wanna see you right now in person,1
" would you meet up with me in person? (I can't, but I know some people who can.)",1
 what do you wanna call me?,1
 ill call you tluv,1
 so if we met in person whats your plan?,1
 i up for anything,1
 i wanna kiss you though,1
 go down on you heheh,1
 sorry my tluv,1
 where do you actually live at?,1
 its worth it i can see you in person and spent time with you hehehe,1
 it suppose to be a kiss,1
 i would if your here,1
 you want me to?,1
 and go down on you?,1
 you want me to?,1
 do you have any cam?,1
 i wanna see you,1
 i wish im off now,1
 and see you in person,1
 so i can do what you want me to do hehhe,1
 baby nope ,1
 waiting for you,1
 or you waiting for me,1
 how many bf youve had before?,1
 you can call me now if you want,1
 wet dreams (Romantic),1
 call me,1
 youll call me garin?,1
 i told you i did something really quick im really sorry baby ,1
 ill make it up to you,1
 do you want me to send you some sexy pic of me? ,1
 youll be happy if i did?,1
 would you be able to call me?,1
 im really sorry about earllier baby,1
 getting jealous?,1
 ill rather talk to you than eating,1
 and ill rather eat you the eating my food,1
 i got stamina hehehe,1
 i can stay longer than you think ,1
 i mean i do have some stamina to stay from what im doing,1
 you know what that means ;),1
 i can stay for 2 hrs makin luv ,1
 can you stay long?,1
 so you like doing it?,1
 ill do it 5 times a day if i got time with you in person,1
 give me your addy,1
 give me the whole address ,1
 dont worry i wont go to your place if you dont want me to,1
 pls give me the address pls,1
 promise i wont do anything,1
 i was thinking of going to your place this sat,1
 can i have it so i can make plans for sat for us,1
 why cant you give it to me now? i doesnt make any difference anyway,1
 i wont come over if you dont want me to anyway,1
 im not a player you know,1
 as long as you want me to be with you,1
 nah im not mad at you baby,1
 as long as you dont cheat on me though (I bet he said this to his wife too),1
 i have to save some money if i have to take you out for a dinner and out of town ,1
 miss me?,1
 you can call me baby,1
 you drink though?,1
 you should,1
 dont pass out on me though,1
 and making luv,1
 i just like pic of you,1
 nkd?,1
 naked,1
 take a pic of you nkd,1
 you being my baby,1
 im not a player,1
 i trust you ,1
 here muahhhh ,1
 kiss you on your lips,1
 wheres my kiss?,1
 ok wet dreams,1
 miss me?,1
 bad girl,1
 what time does your dad go to work?,1
 im really sorry baby,1
 coz i can have you all day,1
 are you guys rich or something?,1
 is your appartment really big?,1
 you have your own room?,1
 that mean we can do anything even your dad is home,1
 we just need to be quite,1
 is your door have a lock on it?,1
 im really so baby,1
 i can cook for you,1
 is that the only thing your thinking about me?,1
 what are you thinking while im talking to you?,1
 so your like me because im hot,1
 not just because im hot,1
 i just wanna kiss your right now,1
 and lick you,1
 snible you,1
 up and down,1
 from head to toe,1
 likin your tits,1
 put my finger on you,1
 your sensitive part of your body,1
 have you tried it on your butt?,1
 but ill bring some lubricant if want me to,1
 ill lots of protection,1
 you just luv makin luv dont you?,1
 no i wont baby,1
 so tell me everything,1
 how many guys have you done it with,1
 im sorry baby,1
 makin me feel like your baby,1
 may i say bitches,1
 turns you on?,1
 dont get so wet now,1
 me to i luv havin a gf,1
 a cute and nice and freaky gf,1
 should i call you freakyT,1
 freakyT hehehe,1
 i luv it,1
 freaky thing,1
 freaky little T ,1
 ill be your bro and your bf,1
 and your luver,1
 and forever that is,1
 thats only if you want me to,1
 but dont be mad at me your not always with you though,1
 just think about me always here for you,1
 i wish i can see it,1
 help you wash it,1
 im back baby,1
 miss me?,1
 yeah i would luv to help you wash it,1
 that you can only experience it,1
 so youll get excited,1
 ;),1
 i just want you to get excited baby,1
 just to let you know i got 7 and a half ,1
 long ,1
 hard,1
 i thought you got confuse knowing i have that size ,1
 you baby,1
 baby i have to go in a bit k,1
 better just to stay home a relaxed and think about you,1
 do you have any camera?,1
 cell phone with cam?,1
 i would luv to see a new pic of you,1
 hi baby im waiting for you to go online hhmmm,1
 hi baby,1
 can i call you?,1
 and i have a new pic for you,1
 ;),1
 the pic you can see mostly everything,1
 im going to make you really excited,1
 so can we meet up sometime this week? or next week?,1
 coz that the only time i got time to come over to your place,1
 ;),1
 took some new pic?,1
 did you ever think of me?,1
 been taking pic just for you,1
 i cant wait to see you,1
 ;),1
 ;),1
 i luv you for what you are ,1
 i been looking at your pic,1
 what do you usually wear on your bed time?,1
 nothing on the bottom?,1
 baby i have to go for now k ,1
 or you can call me,1
 ;),1
 muahhhh,1
 miss me,1
 is that how you really miss me?,1
 you really miss me so much,1
 so you did talk about me with your friend?,1
 did she said that im to old for you?,1
 i luv you so much,1
 thats why ive been single forever ,1
 you get jelous a lot?,1
 coz i wont trade you for anything,1
 so i think you might find that flirting ,1
 ill make you happy,1
 ill do anything i can for you,1
 hows ma baby?,1
 so i can call you almost everyday hehehe,1
 are you in your room by your self?,1
 dont let anybody see this ok ,1
 youll really like it ,1
 dont get so wet now,1
 your wet?,1
 that turns me on,1
 i think this will make you really wet,1
 thats only for you,1
 dont think of me to much,1
 were not going to stay at your room?,1
 my pic,1
 the stuff were going to do,1
 but how can i be able to come in to you room?,1
 if your dad is there,1
 like what time is he leaving?,1
 if i got lots of money ill be comming over to your place like everytime you want me,1
 im going to bring some protection,1
 condoms,1
 just for you,1
 i got 3 more min baby,1
 just in love i guess,1
 anything kinky,1
 freaky,1
 whatever you can do for me ,1
 if you luv me youll think of something ,1
 i luv everything about you,1
 so no matter what you do ill luv it for sure,1
 like i said no matter what you do ill luv it for sure,1
 baby ill be back,1
 miss me?,1
 im just jk baby,1
 wet dreams then ,1
 hi baby ,1
 no baby,1
 and did you look at my pic again today?,1
 everyday baby,1
 is your dad will be gone that long?,1
 anything baby,1
 ;),1
 and more ;),1
 porn silly,1
 miss me? ,1
 i wanna see,1
 like nakd one ,1
 can you call me?,1
 baby pls be online,1
" baby, pls be online i really wanna talk to you or just leave a messege on my i mail, im just having problem right now. really sux, i need to talk to you",1
 are you on?,1
 baby where are you,1
 pls log in ,1
 hi baby,1
 im going straight to your place,1
 address,1
 give me the direction from your place,1
 yeah so i can just follow your direction from your place,1
 still there babe?,1
 i need the exact location so i can see you ,1
 so when i pick you up we are comming back to your place?,1
 we can eat each other there,1
 ill used the food to turn you on,1
 and also ive been working out for you,1
 ill bring my condom,1
 im talking to my baby,1
 baby i got 2 min left ,1
 oh yeah dont forget to get some money k,1
 dont forget the money k baby,1
 baby i have to go,1
 l8tr baby,1
" I like your pic, very cute ",1
" ok, you like older guys? ",1
" ok, but have you hung out with guys my age?",1
" oh ok, cool, wouldn't mind hanging out with you ;)",1
 want to see my pics?,1
" ok, want me to send to email?",1
 have you seen a guy naked before?,1
 have some pics of my privates if you want to see,1
 do your parents look on your computer? ,1
 bet you would like to touch it huh?,1
 I'll let you play with it if you want ,1
" well, when are you alone usually?",1
 wish we could hang out tonight,1
" yeah, what about tonight?",1
 so you have any more pics you can send me?,1
 would like to see all of them,1
 have more of your body?,1
 wishin I was with you ;),1
 so you don't have a camera?,1
 you could take pictures and put them on your computer and hide them,1
" yeah, if you had a webcam we could see each other right now",1
" oh ok, will you be alone or will somebody else be there?",1
 think you could sneak out tonight?,1
 touching myself,1
 we could find something to do ;),1
 so you want to hang out then?,1
" um, horny",1
" it's ok, I'm just kind of scared to talk to you about sex on here",1
" I know, just wouldn't want your dad to find out",1
 you ever have phone sex?,1
" yeah, but I would like to hear you moan",1
 would you do that for me?,1
 but you touch yourself don't you?,1
" what about this, would you just pretend like you were with a guy and moan like you were?",1
 so you don't know what moaning would be like?,1
 well would you do that for me?,1
" I know but we can't do it real now, so could you help me jerk it?",1
 I'm horny,1
 by moaning on the phone for me,1
 if you are still up why not sneak out for a few minutes,1
" right, so why not sneak out for a little bit?",1
we can have some fun,1
 we'll have fun,1
 see you naked ,1
 want to be with you,1
" I know I'm bad, going to bible study and talking about sex with you (I would say that is a major understatement)",1
 sex was created by God so it can't be inherently bad,1
 you should probably know that I have genital warts,1
" it's an std, it's just little bumps that pop up around the genital area ",1
 just thought you should know if you wanted to do anything sexual,1
 yeah I would use a condom and be careful not to touch you with the warts,1
" ok, the person that gave it to me lied about having it, so I had unprotected sex thinking she was clean ",1
 when does your dad leave?,1
 so your neighbors wouldn't flip out and tell your dad that they saw me at your place?,1
" as much as I want to, it's illegal for me to have sex with you ",1
 I like you very much,1
" and would love to have sex with you, but it's against the law",1
 well it's to cut down on teen pregnancy,1
" well, if you're not on birth control and you have sex you run the risk of it",1
 cool,1
" well for being sexually compulsive, but their concern was me talking to girls your age ",1
" you, holding you, kissing you",1
 what's your number?,1
 hey can you send me your pics again?,1
" ok, well, I don't know, I guess it would be cool to hang out today",1
bye sexy,1
 ur hot,1
 u have anymore pic,1
 what r u wearing,1
 r they tight,1
 u to so r ur clothes tight,1
 how big is your chest ,1
 what is the measurment of ur tits,1
 cause i would love to suck on them,1
 u want to talk dirty so i can jerk off,1
 we can have phone sex,1
 we can meet somewhere and have sex,1
 can we have sex,1
 where do u want me to cum,1
 do u know what cum is,1
 its the stuff that gets a girl pregant,1
 do u suck dick,1
 did u swallow his cum,1
 u want to swallow my cum,1
 can i take pic of u naked,1
 and we r taking sex pic,1
 u and i r taking pic of having sex when we see each other,1
 my dick is hard,1
 can u send me a naked pic of u ,1
 just jerkoff to it ,1
 how about u wearing a bra and thong,1
 where do u want me to cum when we have sex,1
 when i cum where would u want it,1
 on ur face and chest,1
 i am really horny,1
 will u talk dirty so i can jerkoff,1
 horny,1
 what r u wearing,1
 r they tight,1
 i love gitls in tight clothes,1
 no but on cam,1
 send me more pic of u,1
 i want to fuck u,1
 i want to cum in ur pussy,1
 do u want me to use a condom or get u pregant,1
 my dick is hard,1
 i want u to suck my and swallow my cum,1
 go have sex,1
 we can have sex,1
 yes for real do u want to have sex with me,1
 a bikini or a bra and thong,1
 i will warm u up,1
 do u have athong bikini ,1
 i love a girl in a thong,1
 do u want to have sex with me,1
 we will have sex,1
 when i walk we take ur clothes off,1
 i want to join u in the shower,1
 i am really horny,1
 jerking off to ur pic,1
 talk dirty,1
 u still want to have sex in person,1
 i am cuming in ur pussy,1
 the stuff that gets a girl pregant ,1
 i am putting tghat stuff in ur pussy,1
 do u want me to get u pregant ,1
 if u get pregant u can move in with me,1
 will u walk around the house naked 4 me,1
 what r u wearing,1
 what will u wear when i am there,1
 will u sleep naked for me,1
 do u still want to suck my dick,1
 i want to swallow my cum,1
 i want u to swallow my cum,1
 i am taking pix of u when i get there,1
 u in a bra and thong a bikini a naked pic and us having sex,1
 will u b my gf,1
 i love u,1
 missed ya,1
 ok what about sex,1
 do u want us to have sex,1
 what will u wear when i walk when,1
 hope its sexy,1
 hope u wear a bra and thong,1
 r they tight,1
 i want to c,1
 i am taking pic of u when i see u,1
 bra and thong and naked,1
 i don't wear condoms,1
 send me more pic of u,1
 to jerk off to,1
 what is ur address so i can get directions,1
 i want to cum in ur pussy,1
 will u let me,1
 without a condom,1
 what if u get pregant,1
 will u keep the kid,1
 then i will get u pregant ,1
 cause i want us to b a family,1
 do u want us to b a family,1
 i will give u my number when u give me ur address,1
 when do u want me to cum over,1
 my dick is hard,1
 what will u wear if u had a cam,1
 so i can jerkoff to u,1
 i am joining u in the shower,1
 hope its really sexy,1
 what is the outfit ur going to wear,1
 where a tank top and mini skirt,1
 and nothing under the skirt,1
 if u do i will start having sex with u,1
 i am really going to get u pregant,1
 missed ya,1
 can i get u pregant,1
 r we dating,1
 r u going to suck my dick,1
 r u going to swallow,1
 i am sticking my dick in ur ass ,1
 i want more pics of u,1
 can we have phone sex,1
 i  jerkoff to ur pics,1
 if u call i jerkoff to ur voice,1
 as soon as i walk in the door ur sucking my dick,1
 swuck my dick when i walk in,1
 yea so we can have sex,1
 i need ur address so i can go c u,1
 no i want u n shorts and tank top,1
 do u want us to have sex c,1
 sex,1
 u really want sex don't u',1
 when i walk i want u to start sucking my dick,1
 thinking of my dick in ur mouth,1
 r they tight,1
 masturbate ,1
 ur probably a virgin huh,1
 ur not a virgin anymore?,1
 somebody got first on u...lol,1
 r u shaved?,1
 i wanna taste urs...lol,1
 ur nipps ,1
 u have cam?,1
 hey how big r ur nipps?? just askin',1
 i wanna eat that nipps of urs,1
" bout 7"" long",1
 i masturbate twice a day,1
 this mornin i cum a lot,1
 no dont like my cum (Oh),1
 what r u wearing,1
 no bra,1
 only panty?,1
 i wish u have cam,1
 so i can see u,1
 u will be on top of me...lol,1
 wish u r here,1
 so i can eat ur nips,1
 my dick is up,1
 im holding 'em,1
 did ur bf slide his thing in ur Pussy,1
 i will eat ur Pussy,1
 i will do it for u,1
 i will eat ur pussy,1
 until u cum in my face,1
 we go to a motel,1
 we can have sex there at ur place?,1
 love,1
 yep its u i kiss,1
 bye sweet,1
" really, why u like me?",1
 so what r we gonna do if i get there at ur place,1
 we're gonna have a little sex?,1
 r we gonna go to ur room,1
 is it big?,1
 can i take off ur clothes?,1
 what r u gonna be wearing,1
 what kinda clothes u wear,1
 u want me to lick ur pussy,1
 yea it is u will be moaning,1
 i will just eat ur pussy,1
 ur nipples too,1
 im getting horny,1
 i will lick ur tits to,1
 is ur tits hard now?,1
 my dick is up,1
 u will give me a blowjob?,1
 we're gonna take a shower both of us,1
 what is ur address,1
 what r u wearing right now sweety,1
 when u go to sleep what do u wear,1
 no panty?,1
 no bra?,1
 u want me to kiss u,1
 lips,1
 u want it long kiss,1
 i will kiss all over ur body...lol,1
 i masturbate awhile ago,1
 i watch some porno movie,1
" yes thinking of u (Uh, you mean thinking of the porno, really)",1
 u want me to bring a DVD PORNO MOVIE,1
 ok,1
 can i call u SWEET,1
 dont get any bf now coz im ur boyfriend,1
 am i ur boyfriend?,1
 for life...lol,1
 ;),1
 sweety,1
 what size. bra u wear,1
 haha sex,1
 i love u willow,1
 what r u wearing?,1
 did u think bout me yesterday when i was gone,1
 thnx sweety,1
 u we're with me in bed naked,1
 i'll be the one gonna take off ur clothes?,1
 then u want me to lick ur body,1
 all over,1
 ur body,1
" i will kiss ur neck, ur nipples, ur tits i will lick 'em",1
 then i go down to lick ur pussy,1
 why where do u want me to lick u,1
 im looking at ur pics,1
 what r u gonna wear on sunday,1
 a seductive dress,1
 tank top with no bra?,1
 dont wear bra,1
 can we go take a shower before making love,1
 i will lick ur pussy at the shower if u want,1
 i like sticky,1
 do u cum a lot?,1
 ur shaved huh,1
 i was thnking of u last night,1
 i will just lick ur pussy,1
 why u want to put my cock in ur pussy,1
 my cock is big,1
 u will be moaning,1
 u love me?,1
 ur gonna suck my cock?,1
 u love me?,1
 love ya,1
 im totally naked,1
 im holding my cock ,1
 coz ur chatting with some guys ,1
 naked on sunday,1
 both of us naked?,1
 i love u willow,1
 what r u wearin sweety,1
 did u think bout me?,1
 naked?,1
 naked both of us?,1
 while u thinking did u finger ur pussy,1
 u want me to finger 'em for u,1
 is it still TIGHT,1
 just wondering ur pussy is it small?,1
 only 1 finger im gonna use,1
 do u masturbate sometimes,1
 im gonna lick ur tits too,1
 ur pussy has little hair now?,1
 ur boobs is gettin' big huh,1
 looking at ur pics,1
 i love ur lips,1
 pouty lips,1
 we're gonna go kissing on sunday,1
 im a good kisser,1
 very seductive,1
 what r u wearin' on that pic?,1
 dont wear bra,1
 im gonna lick ur whole body,1
 i'll put honey on ur body and lick 'em,1
 and put honey on top of ur pussy and lick 'em too,1
 im gonna suck 'em,1
 till u cum,1
 im gonna eat ur boobs,1
 hahahha meaning i'll hold both of my hands on ur boobs,1
" and lick 'em,,, suck 'em",1
 i was dreamin of u last night,1
 we're doing sex naked...doggie style and u love 'em,1
 ur gonna suck my cock?,1
 u know how to suck cock?,1
 do u like condoms?,1
 ill buy condoms,1
 u want me to slide that in ur pussy?,1
 well if u dont want to 'coz its big its ok,1
 i wanna hear ur voice,1
 I LOVE U WILLOW,1
 u love me,1
 i will my love,1
 I Love U,1
 coz ur my sweethearts,1
 bye love,1
 well im still waiting for ur address,1
 no bra and no panty,1
 dont wear bra and panty ok,1
 sweety,1
 i wanna hear ur voice,1
 what r u wearing,1
 no bra,1
 u have to wear bra in the house?,1
 u love me?,1
 willow ur boobs getting big? ,1
 ill be the 1st one to lick that boobs sunday,1
 wish i can have u to be my wife,1
 ill take care of u,1
 what r u thinking of me,1
 ur gonna wear a nice skimpy dress for me,1
 a seductive one,1
 i love ur body sweety,1
 very sexy,1
 ur taking care of ur body?,1
 i wanna get naked now,1
 can i take off my clothes for u,1
 i will eat ur pussy till u cum,1
 u like that till u get wet,1
 how big is ur tits?,1
 thats the nipples,1
 i wanna masturbate ,1
 ok im gonna get naked in my room,1
 i'll be thinking of u,1
 I LOVE U,1
 wish u love me too,1
 love,1
 love,1
 go eat sweety,1
 take care love,1
 hi sweety,1
 u miss me,1
 what r u wearing,1
 got to go love,1
 hi love,1
 love ya,1
 u love me,1
 ur not gonna wear bra & panty,1
 nice ur gonna kiss me,1
 ultimate kissing,1
 ur not gonna be shy on me,1
 gonna treat me as ur bf,1
 when kissing u can i take off ur clothes,1
 then i will bend down to lick ur pussy,1
 u will suck my cock,1
 u know how to suck cock,1
 ok got to go love,1
 im urs,1
 and ur mine,1
 u miss me,1
 ill put honey lick em,1
 do u moan,1
 i will ur whole body,1
 bye love,1
 can we do dogie style,1
 what r u wearing,1
 no bra,1
 what size panty u wear,1
 what size ,1
 can u finger ur pussy for me,1
 ill finger em tomorrow,1
 looking at ur pic,1
 ur boobs getting big huh,1
 i will lick ur nipples,1
 u will watch me lick ur nipples,1
 u will be moaning,1
 imagining ur boobs,1
 ur pussy still tight love,1
 so i can put my tongue in ur pussy,1
 u want me to tongue 'em,1
 and suck 'em so good ,1
 can i slide my cock in ur pussy,1
" without condom (Uh, WTF)",1
 u can sit on top of my cock,1
 ur on top,1
 u will suck my cum?,1
 say if im cumming...orgasm u will suck 'em for me,1
 i would like u to eat my cum,1
 my sperm,1
 eat my sperm?,1
 swallow 'em,1
 i think u can swallow my cock,1
 u like doggie style,1
 my ex gf suck my cock until i cum,1
 i cum in her mouth,1
 ur my gf now,1
 ur my new gf,1
 night love,1
 muahhh,1
 hi babygirl,1
 i need gf over 18,1
 do u have bf your age,1
 have u every had sex yet,1
 do u like sex,1
 does your mom no u had sex,1
 have u had sex wit guy old then 17,1
 have u every had sex older then 17,1
 do u have big tits,1
 is the bra size u were,1
 r u look for sex on here,1
 what the old guy have u date,1
 i need a g/f,1
 i need sex,1
 i need nex,1
 is your pussy shave,1
 do u want sex,1
 i need sex,1
 do u want sex,1
 what do u do to a guy,1
 do u want sex,1
 is ok with older guy coming over,1
 do u like girls,1
 do u kiss them,1
 i want girl oder 18,1
 did u see my pic,1
 naked pic of u,1
 any more pic of u,1
 i need girl oder then 18,1
 did u find b/f yet,1
 have u had sex let lee,1
 what r u wearing,1
 what color bra and underwear,1
 bra,1
 do u have cam,1
 do u suck dick,1
 do u want to suck my dick,1
 any more pic of u,1
 does mom let u have b/f,1
 do u ues condom,1
 when u had sex,1
 condom,1
 how will u no if the condum does not have hole in it,1
 if he just put it on fuck find out it had a hole,1
 would u every have sex with me,1
 do u have condum,1
 how many time u had sex,1
 do u no any one for three some,1
 do u no any girl that will do a three some,1
 does she like sex,1
 does she have big tits,1
 do u play with your self,1
 do u like my pic,1
 if i get cought it will be rape,1
 fuck up the ass,1
 do u have comdum,1
 can i fuck u up the ass,1
 i like u to be online whenu get home ,1
 is pussy shave,1
 do u no any girl for three some,1
 do u no any girl,1
 do u no any girl for three some,1
 do u let guy eat u out,1
 how late do u stay out side,1
 do u like thong,1
 have u every play with your self,1
 do u relly want sex,1
 i need sex now,1
 do u no any older girls,1
 how any girl friend do u have,1
 my friend said about sex to night,1
 do u still want sex right,1
 do u have condom in the house some there,1
 what r u wearing,1
 what color bra and underwear,1
 i am jacking off,1
 wish u were doing it,1
 did u have sex with the 14 yr old and the 19,1
 i have get condom,1
 if u want sex,1
 do u wnt sex,1
 what r u wearing,1
 underwear,1
 when did u have sex last,1
 do u think i little to old for u,1
 i want girl older then 18,1
 i do not get cought for raping a minor,1
 i just wanted sex,1
 i am just use u for sex,1
 i want three some,1
 do u no any girl that r older then 18,1
 does she have big tits,1
 have she had sex be for,1
 can i fuck both of u up the ass,1
 would u let her eat u out,1
 would u eat her out,1
 ask her to be your g/f,1
 eat her out,1
 do u have pic of her,1
 nice pic,1
 any more pic of her,1
 of whole body,1
 do u have cam,1
 do u want sex,1
 do u want sex still,1
 do u want three some,1
 do u will want me to cum,1
 do u want to have sex,1
 what r u wearing,1
 no way you are 13!!!!!!!!!!!,
 I feel dirty,1
 your a hottie,1
 still wish you were 18,1
 so how many older guys try to pick you up? ,1
 so are you a virgin?,1
" wow, I like you",1
 because I want you,1
 and you are a bit nasty,1
 have any more pics?,1
 So what is the oldest guy you have nailed? ,1
 and you were 13?,1
" wow, you are a freek.",1
 I take it I would have to cum to you,1
" wow, now I really want you ",1
 love the bikini pic ,1
 did you get the picture yet?,1
" By the way, how kinky are you",1
 I take it you are not on the pill? ,1
 but we can still tease each other now,1
 back to the sex talk..,1
 I want to lick you pussy until you scream,1
 So do you like the taste of yourself?,1
touch yourself ?,1
 play with your self while I am gone < ,1
 Do you want to fuck?,1
 I have to cum to you right?,1
 you aren't on the pill are you?,1
 do you swallow?,1
" cool, ever tasted you own pussy?",1
 after I pull out I want you to suck my throbing cock,1
 I love you,1
 because you make me horney,1
 because I am going yo fuck you hard ,1
" no games, just sex",1
